{"peak_memory_active":39.081140995025635,"peak_memory_reserved":68.708984375,"tokens_per_second_per_gpu":1877.0989990234375,"peak_memory_alloc":39.081140995025635,"global_step":453,"_step":452,"loss":0.6191253662109375,"_wandb":{"runtime":3302},"_runtime":3265.531281692,"lr":0,"_timestamp":1.734060253176317e+09}