{"peak_memory_reserved":46.05078125,"peak_memory_alloc":37.01110553741455,"_wandb":{"runtime":5381},"tokens_per_second_per_gpu":1077.4681396484375,"lr":0.0002682914134067207,"_runtime":5339.86580235,"peak_memory_active":37.01110553741455,"loss":2.0158042907714844,"_step":150,"global_step":151,"_timestamp":1.7339431740730026e+09}